seed,endpoint,expected_hash,actual_hash,match
42,predicted_mask,fb4772638be2f00b1f67c8db5bcd76271c95b7d3c2c1b11655835db4dd5a5c7c,1e6e11929a5a38f3a5c372403442a3754488ead8388b452e49ad89e140bd6610,false
42,mask_free,34f77b4712bb1655421d11944fb591860843ad57b46e7a3d5d570417303312c4,7dfff25457237d50b0c8fbdbab2dfe93ea28e442f2e313196db8f23919068031,false
43,predicted_mask,a1138b460468d8c44e80f57e160e2e619812d3f4c626cfb9d8acee258ec56f40,aba1be66397ceadc9e6dbabf9cd73a6f916cf89d4bdfcd545d830d73b6398138,false
43,mask_free,ea3789400deb4e8dfbd284291a97ecd725ee3f3fee520aa395a9300d549762a6,7df1bd0d574c6aeb7625a1dc107afb9eac9e6727a8ce1503921d481c9f7f357f,false
44,predicted_mask,3c650f0d3dfb00f3641639bf6db2599ea01f84410267231225212c0ecd3d27f9,3977db0795aaa0faa32bc92580c122c480e20867524408e674126366ca6e5d69,false
44,mask_free,ffafc99f69297f2f85cb3e71c3d2c1c0614ef0c3e75cc222e879624235272283,aa5cf3bbdba34560917ba50d368065d1adae4e9be2228d67cd4e901cce7ee607,false
45,predicted_mask,1f03ea1fdc3a4d790e0013053edcecfd8fc489c9a0cbca804f8398961e4dfc15,121ea519e62dac89ab1af308c36d7b1e13fbd40cc57a1b02b7cade7ff645c964,false
45,mask_free,81c8db3dcaeb3d7db4e4c23fdeed587e7efa6857e0442f61e5f3ed581a469e97,ffc25ad1ad18d5b0258ef335d1485c9b4b1795bfd46d2477afad275e8641bd17,false
46,predicted_mask,fa12319be4d3693086485e7572051d4313d08d69cb1c2067e09d795f35d1108c,823909aaf683be72cf6167338fe658365a5fdc56f5137a6c8e043a64b3c1fc06,false
46,mask_free,84b05f6dee1db299ee4302f5125501f94cda49cc340ebb74bcef8da256253eeb,dc99aba15bb7ee021734608e5fbaffbb86794c5f9b687b38a4982e192503eb12,false
